stop_id,stop_name,stop_lat,stop_lon
60250006099,S Blankenfelde (TF) Bhf,52.337628,13.415908
60250007099,S Mahlow,52.360164,13.408775
60000074208,"Berlin, Goltzstr./Lichtenrader Damm",52.387122,13.409121
60000074101,"Berlin, Mariendorfer Damm/Buckower Chaussee",52.414567,13.401117
60000070301,U Alt-Mariendorf  ,52.438965,13.387611
60058102099,S Priesterweg ,52.459239,13.356028
60024101336,S Charlottenburg Bhf ,52.504805,13.303843
60024102372,S Westkreuz ,52.501152,13.283036
60025321438,S Olympiastadion ,52.511135,13.241111
60025321440,S Olympiastadion ,52.511135,13.241111
60025321437,S Olympiastadion ,52.511135,13.241111
60024101337,S Charlottenburg Bhf ,52.504805,13.303843
60024102371,S Westkreuz ,52.501152,13.283036
60025321439,S Olympiastadion ,52.511135,13.241111
60024102373,S Westkreuz ,52.501152,13.283036
60220114641,S Teltow Stadt,52.397147,13.275975
60064201632,S Lichterfelde Süd ,52.409956,13.308662
60064256622,S Osdorfer Str. ,52.418373,13.313865
60064301622,S Lichterfelde Ost Bhf ,52.429098,13.328078
60067221602,S Lankwitz ,52.439034,13.34276
60063452532,S Südende ,52.448899,13.354077
60058102524,S Priesterweg ,52.459239,13.356028
60058101502,S Südkreuz Bhf ,52.475468,13.365579
60058103482,S+U Yorckstr. S2 S25 S26 U7 ,52.492323,13.372226
60012101474,S Anhalter Bahnhof ,52.504538,13.382077
60100020454,S+U Potsdamer Platz Bhf ,52.50934,13.376454
60100025432,S+U Brandenburger Tor ,52.516511,13.381937
60100000432,S+U Friedrichstr. Bhf ,52.52027,13.387153
60100007432,S Oranienburger Str. ,52.525161,13.393068
60007104413,S Nordbahnhof ,52.531672,13.388798
60007104411,S Nordbahnhof ,52.531672,13.388798
60007104414,S Nordbahnhof ,52.531672,13.388798
60008101712,S Humboldthain ,52.544738,13.37873
60007102724,S+U Gesundbrunnen Bhf ,52.548637,13.388372
60110011614,S Bornholmer Str. ,52.554763,13.397841
60130003653,S Wollankstr. ,52.564974,13.39315
60085201683,S Schönholz ,52.571901,13.380242
60084101101,S Wilhelmsruh ,52.581588,13.363284
60096101111,S+U Wittenau ,52.596392,13.335481
60094101122,S Waidmannslust ,52.606814,13.320549
60096101112,S+U Wittenau ,52.596392,13.335481
60084101102,S Wilhelmsruh ,52.581588,13.363284
60085201684,S Schönholz ,52.571901,13.380242
60130003654,S Wollankstr. ,52.564974,13.39315
60110011611,S Bornholmer Str. ,52.554763,13.397841
60007102721,S+U Gesundbrunnen Bhf ,52.548637,13.388372
60008101711,S Humboldthain ,52.544738,13.37873
60007104412,S Nordbahnhof ,52.531672,13.388798
60064201631,S Lichterfelde Süd ,52.409956,13.308662
60100020452,S+U Potsdamer Platz Bhf ,52.50934,13.376454
60012101472,S Anhalter Bahnhof ,52.504538,13.382077
60058103481,S+U Yorckstr. S2 S25 S26 U7 ,52.492323,13.372226
60058101501,S Südkreuz Bhf ,52.475468,13.365579
60058102523,S Priesterweg ,52.459239,13.356028
60063452531,S Südende ,52.448899,13.354077
60064301621,S Lichterfelde Ost Bhf ,52.429098,13.328078
60064256621,S Osdorfer Str. ,52.418373,13.313865
60100007431,S Oranienburger Str. ,52.525161,13.393068
60100000431,S+U Friedrichstr. Bhf ,52.52027,13.387153
60100025441,S+U Brandenburger Tor ,52.516511,13.381937
60100020451,S+U Potsdamer Platz Bhf ,52.50934,13.376454
60180001834,S Köpenick ,52.458692,13.579543
60180002824,S Wuhlheide ,52.469058,13.553527
60162001814,S Karlshorst ,52.481038,13.525981
60160002804,S Betriebsbahnhof Rummelsburg ,52.493957,13.497509
60160001704,S Rummelsburg ,52.501213,13.478699
60120003654,S Ostkreuz Bhf ,52.502851,13.469093
60120004624,S+U Warschauer Str. ,52.505765,13.449159
60120005010,S Ostbahnhof ,52.510001,13.435747
60170004042,S Ahrensfelde Bhf ,52.571564,13.566118
60170003002,S Mehrower Allee ,52.557816,13.554392
60170002002,S Raoul-Wallenberg-Str. ,52.550749,13.548392
60170001332,S Marzahn ,52.543272,13.541524
60170005002,S Poelchaustr. ,52.534751,13.536008
60171003020,S Springpfuhl ,52.525806,13.536904
60171002002,S Friedrichsfelde Ost ,52.513747,13.520043
60160004002,S+U Lichtenberg Bhf ,52.510754,13.498228
60160003682,S Nöldnerplatz ,52.503444,13.484297
60120003652,S Ostkreuz Bhf ,52.502851,13.469093
60120004622,S+U Warschauer Str. ,52.505765,13.449159
60120005009,S Ostbahnhof ,52.510001,13.435747
60120004621,S+U Warschauer Str. ,52.505765,13.449159
60120003651,S Ostkreuz Bhf ,52.502851,13.469093
60160003681,S Nöldnerplatz ,52.503444,13.484297
60160004001,S+U Lichtenberg Bhf ,52.510754,13.498228
60171002001,S Friedrichsfelde Ost ,52.513747,13.520043
60171003021,S Springpfuhl ,52.525806,13.536904
60170005001,S Poelchaustr. ,52.534751,13.536008
60170001331,S Marzahn ,52.543272,13.541524
60170002001,S Raoul-Wallenberg-Str. ,52.550749,13.548392
60170003001,S Mehrower Allee ,52.557816,13.554392
60007102099,S+U Gesundbrunnen Bhf ,52.548637,13.388372
60008101099,S Humboldthain ,52.544738,13.37873
60009104099,S+U Wedding ,52.542732,13.36606
60001201099,S+U Westhafen ,52.536183,13.343837
60000003104,U Turmstr. ,52.525938,13.341417
60020202099,S Beusselstr. ,52.534314,13.328703
60020201099,S+U Jungfernheide Bhf ,52.530431,13.300135
60026207099,S Westend ,52.51861,13.284237
60186001813,S Grünau ,52.412714,13.574018
60193002004,S Adlershof ,52.435102,13.540553
60193001004,S Betriebsbahnhof Schöneweide ,52.446695,13.524028
60192001005,S Schöneweide Bhf ,52.454611,13.510149
60191001004,S Baumschulenweg ,52.467581,13.489505
60191002004,S Plänterwald ,52.478722,13.474029
60190001574,S Treptower Park ,52.493022,13.460887
60120901552,S Ostkreuz Bhf ,52.502851,13.469093
60120001542,S+U Frankfurter Allee ,52.513613,13.4753
60110012542,S Storkower Str. ,52.524195,13.464884
60110004532,S Landsberger Allee ,52.528772,13.455944
60110003512,S Greifswalder Str. ,52.540724,13.438356
60110002782,S Prenzlauer Allee ,52.544802,13.427419
60110001772,S+U Schönhauser Allee ,52.549336,13.415138
60110011613,S Bornholmer Str. ,52.554763,13.397841
60130002642,S+U Pankow ,52.567281,13.412279
60190001572,S Treptower Park ,52.493022,13.460887
60186001814,S Grünau ,52.412714,13.574018
60110011612,S Bornholmer Str. ,52.554763,13.397841
60110001771,S+U Schönhauser Allee ,52.549336,13.415138
60110002781,S Prenzlauer Allee ,52.544802,13.427419
60110003511,S Greifswalder Str. ,52.540724,13.438356
60110004531,S Landsberger Allee ,52.528772,13.455944
60110012541,S Storkower Str. ,52.524195,13.464884
60120001541,S+U Frankfurter Allee ,52.513613,13.4753
60120901551,S Ostkreuz Bhf ,52.502851,13.469093
60190001571,S Treptower Park ,52.493022,13.460887
60191002003,S Plänterwald ,52.478722,13.474029
60191001003,S Baumschulenweg ,52.467581,13.489505
60192001003,S Schöneweide Bhf ,52.454611,13.510149
60193001003,S Betriebsbahnhof Schöneweide ,52.446695,13.524028
60193002003,S Adlershof ,52.435102,13.540553
60186001812,S Grünau ,52.412714,13.574018
60186001811,S Grünau ,52.412714,13.574018
60192001004,S Schöneweide Bhf ,52.454611,13.510149
60077155441,S Köllnische Heide ,52.469168,13.467529
60078201461,S+U Neukölln ,52.469282,13.443692
60079221471,S+U Hermannstr. ,52.467181,13.431704
60068201511,S+U Tempelhof ,52.470694,13.385754
60058100531,S Südkreuz Bhf ,52.475468,13.365579
60058100532,S Südkreuz Bhf ,52.475468,13.365579
60068201512,S+U Tempelhof ,52.470694,13.385754
60079221472,S+U Hermannstr. ,52.467181,13.431704
60078201462,S+U Neukölln ,52.469282,13.443692
60077155442,S Köllnische Heide ,52.469168,13.467529
60191001005,S Baumschulenweg ,52.467581,13.489505
60151001099,S Wartenberg ,52.573266,13.504238
60152001099,S Hohenschönhausen Bhf ,52.566549,13.513698
60000917053,"Berlin, Klettwitzer Str.",52.555996,13.530587
60170002099,S Raoul-Wallenberg-Str. ,52.550749,13.548392
60170001099,S Marzahn ,52.543272,13.541524
60170005099,S Poelchaustr. ,52.534751,13.536008
60171003099,S Springpfuhl ,52.525806,13.536904
60171002099,S Friedrichsfelde Ost ,52.513747,13.520043
60160004099,S+U Lichtenberg Bhf ,52.510754,13.498228
60160003099,S Nöldnerplatz ,52.503444,13.484297
60160001099,S Rummelsburg ,52.501213,13.478699
60120003099,S Ostkreuz Bhf ,52.502851,13.469093
60000151008,"Berlin, Grevesmühlener Str.",52.567875,13.51401
60176001099,S Mahlsdorf  ,52.51192,13.612563
60320026099,S Birkenstein,52.515755,13.648591
60320008099,S Hoppegarten,52.518141,13.673889
60320007099,S Neuenhagen,52.520674,13.699994
60320006099,S Fredersdorf,52.526461,13.761324
60320005099,S Petershagen Nord,52.529185,13.790627
60320004099,S Strausberg Bhf,52.532364,13.834793
60000320550,"Strausberg, Am Annatal",52.550111,13.863238
60320002099,S Strausberg Stadt,52.57745,13.888254
60320001099,S Strausberg Nord,52.5907,13.908894
60094101121,S Waidmannslust ,52.606814,13.320549
60093201131,S Hermsdorf ,52.618165,13.306804
60092201132,S Frohnau ,52.632958,13.289564
60092201131,S Frohnau ,52.632958,13.289564
60200009003,S Hohen Neuendorf,52.669438,13.287223
60200008004,S Birkenwerder Bhf,52.687867,13.288418
60200007101,S Borgsdorf,52.714491,13.276771
60200006101,S Lehnitz,52.741273,13.263191
60200005030,S Oranienburg Bhf,52.754362,13.248432
60200005032,S Oranienburg Bhf,52.754362,13.248432
60200008006,S Birkenwerder Bhf,52.687867,13.288418
60200006102,S Lehnitz,52.741273,13.263191
60200007102,S Borgsdorf,52.714491,13.276771
60200009004,S Hohen Neuendorf,52.669438,13.287223
60093201132,S Hermsdorf ,52.618165,13.306804
60053301434,S Wannsee Bhf ,52.421457,13.179099
60052200882,S Nikolassee ,52.43121,13.193298
60050355872,S Schlachtensee ,52.439806,13.213986
60050301872,S Mexikoplatz ,52.437166,13.23206
60049201862,S Zehlendorf ,52.431209,13.259227
60049202852,S Sundgauer Str. ,52.436187,13.273501
60066101852,S Lichterfelde West ,52.443512,13.294141
60066102852,S Botanischer Garten ,52.447552,13.306041
60062202842,S+U Rathaus Steglitz ,52.455066,13.322152
60063101842,S Feuerbachstr. ,52.463578,13.332412
60060101832,S Friedenau ,52.470002,13.340598
60054104822,S Schöneberg ,52.479811,13.352848
60057104812,S Julius-Leber-Brücke ,52.486263,13.360775
60057102802,S+U Yorckstr. S1 U7 ,52.492345,13.367986
60012101473,S Anhalter Bahnhof ,52.504538,13.382077
60057102801,S+U Yorckstr. S1 U7 ,52.492345,13.367986
60057104811,S Julius-Leber-Brücke ,52.486263,13.360775
60054104821,S Schöneberg ,52.479811,13.352848
60060101831,S Friedenau ,52.470002,13.340598
60063101841,S Feuerbachstr. ,52.463578,13.332412
60062202841,S+U Rathaus Steglitz ,52.455066,13.322152
60066102851,S Botanischer Garten ,52.447552,13.306041
60066101851,S Lichterfelde West ,52.443512,13.294141
60049202851,S Sundgauer Str. ,52.436187,13.273501
60049201861,S Zehlendorf ,52.431209,13.259227
60050301871,S Mexikoplatz ,52.437166,13.23206
60050355871,S Schlachtensee ,52.439806,13.213986
60052200881,S Nikolassee ,52.43121,13.193298
60053301432,S Wannsee Bhf ,52.421457,13.179099
60170004099,S Ahrensfelde Bhf ,52.571564,13.566118
60170003099,S Mehrower Allee ,52.557816,13.554392
60110004099,S Landsberger Allee ,52.528772,13.455944
60260005671,S Flughafen Berlin-Schönefeld Bhf,52.390792,13.513522
60196001652,S Grünbergallee ,52.399539,13.543222
60195510642,S Altglienicke ,52.407791,13.559602
60195510641,S Altglienicke ,52.407791,13.559602
60196001651,S Grünbergallee ,52.399539,13.543222
60130001099,S Pankow-Heinersdorf ,52.577603,13.42909
60135001099,S Buch ,52.636614,13.492452
60330006099,S Röntgental,52.649062,13.514302
60330005099,S Zepernick,52.659218,13.533143
60000350244,"Bernau, Abzweig Wohnsiedlung",52.669124,13.56074
60000350818,"Bernau, Zepernicker Chaussee",52.671809,13.564055
60330004099,S Bernau Bhf,52.676233,13.593034
60000143513,"Berlin, Bucher Chaussee/Achillesstr.",52.61807,13.487715
60143001099,S Karow Bhf ,52.615755,13.470081
60074201099,S Lichtenrade ,52.387676,13.396234
60074202099,S Schichauweg ,52.398563,13.389457
60072101099,S Buckower Chaussee ,52.410919,13.382689
60073101099,S Marienfelde ,52.423816,13.375022
60068301099,S Attilastr. ,52.447298,13.361177
60063452099,S Südende ,52.448899,13.354077
60180003001,S Spindlersfeld ,52.445938,13.562701
60192002001,S Oberspree ,52.452269,13.538461
60007102722,S+U Gesundbrunnen Bhf ,52.548637,13.388372
60009104842,S+U Wedding ,52.542732,13.36606
60001201832,S+U Westhafen ,52.536183,13.343837
60020202812,S Beusselstr. ,52.534314,13.328703
60020201956,S+U Jungfernheide Bhf ,52.530431,13.300135
60026207812,S Westend ,52.51861,13.284237
60024106802,S Messe Nord/ICC ,52.506454,13.283043
60024100802,S Westkreuz ,52.501152,13.283036
60040101712,S Halensee ,52.496698,13.290151
60044101702,S Hohenzollerndamm ,52.488337,13.300714
60045102632,S+U Heidelberger Platz ,52.479446,13.311843
60044202622,S+U Bundesplatz ,52.477366,13.329149
60054105612,S+U Innsbrucker Platz ,52.4781,13.342875
60054100602,S Schöneberg ,52.479811,13.352848
60077106402,S Sonnenallee ,52.473843,13.455986
60009104841,S+U Wedding ,52.542732,13.36606
60001201831,S+U Westhafen ,52.536183,13.343837
60020202811,S Beusselstr. ,52.534314,13.328703
60024101335,S Charlottenburg Bhf ,52.504805,13.303843
60040101711,S Halensee ,52.496698,13.290151
60130002641,S+U Pankow ,52.567281,13.412279
60130001002,S Pankow-Heinersdorf ,52.577603,13.42909
60142001004,S Blankenburg ,52.591069,13.442972
60026207811,S Westend ,52.51861,13.284237
60054100601,S Schöneberg ,52.479811,13.352848
60054105611,S+U Innsbrucker Platz ,52.4781,13.342875
60044202621,S+U Bundesplatz ,52.477366,13.329149
60045102631,S+U Heidelberger Platz ,52.479446,13.311843
60044101701,S Hohenzollerndamm ,52.488337,13.300714
60024100801,S Westkreuz ,52.501152,13.283036
60024106801,S Messe Nord/ICC ,52.506454,13.283043
60020201955,S+U Jungfernheide Bhf ,52.530431,13.300135
60007102723,S+U Gesundbrunnen Bhf ,52.548637,13.388372
60077106401,S Sonnenallee ,52.473843,13.455986
60142001001,S Blankenburg ,52.591069,13.442972
60130001001,S Pankow-Heinersdorf ,52.577603,13.42909
60260005672,S Flughafen Berlin-Schönefeld Bhf,52.390792,13.513522
60120005011,S Ostbahnhof ,52.510001,13.435747
60100004704,S+U Jannowitzbrücke ,52.5155,13.418027
60100003724,S+U Alexanderplatz Bhf ,52.521512,13.411267
60100002734,S Hackescher Markt ,52.522607,13.402358
60100001756,S+U Friedrichstr. Bhf ,52.52027,13.387153
60003201214,S+U Berlin Hauptbahnhof,52.525847,13.368924
60003102224,S Bellevue ,52.519951,13.347098
60003103234,S Tiergarten ,52.513959,13.336241
60023201256,S+U Zoologischer Garten Bhf ,52.506921,13.332707
60024203304,S Savignyplatz ,52.505223,13.319003
60024101338,S Charlottenburg Bhf ,52.504805,13.303843
60025423402,S Messe Süd ,52.498771,13.27045
60026105402,S Heerstr. ,52.508273,13.258514
60025321432,S Olympiastadion ,52.511135,13.241111
60025424462,S Pichelsberg ,52.510264,13.227196
60199018711,S Stresow ,52.532505,13.20913
60029101732,S Spandau Bhf ,52.534798,13.197477
60029101731,S Spandau Bhf ,52.534798,13.197477
60025424461,S Pichelsberg ,52.510264,13.227196
60199018712,S Stresow ,52.532505,13.20913
60100001755,S+U Friedrichstr. Bhf ,52.52027,13.387153
60024203303,S Savignyplatz ,52.505223,13.319003
60023201255,S+U Zoologischer Garten Bhf ,52.506921,13.332707
60003103233,S Tiergarten ,52.513959,13.336241
60003102223,S Bellevue ,52.519951,13.347098
60003201213,S+U Berlin Hauptbahnhof,52.525847,13.368924
60100002733,S Hackescher Markt ,52.522607,13.402358
60100003723,S+U Alexanderplatz Bhf ,52.521512,13.411267
60100004703,S+U Jannowitzbrücke ,52.5155,13.418027
60120005008,S Ostbahnhof ,52.510001,13.435747
60120004623,S+U Warschauer Str. ,52.505765,13.449159
60190001573,S Treptower Park ,52.493022,13.460887
60025321431,S Olympiastadion ,52.511135,13.241111
60026105401,S Heerstr. ,52.508273,13.258514
60025423401,S Messe Süd ,52.498771,13.27045
60024102374,S Westkreuz ,52.501152,13.283036
60200013006,S Mühlenbeck-Mönchmühle,52.654076,13.388224
60200012006,S Schönfließ,52.66471,13.33888
60200011002,S Bergfelde,52.669695,13.321455
60260003883,S Zeuthen,52.349649,13.627353
60260004874,S Eichwalde,52.372085,13.614966
60192001006,S Schöneweide Bhf ,52.454611,13.510149
60200011001,S Bergfelde,52.669695,13.321455
60200012008,S Schönfließ,52.66471,13.33888
60260004873,S Eichwalde,52.372085,13.614966
60151001012,S Wartenberg ,52.573266,13.504238
60152001002,S Hohenschönhausen Bhf ,52.566549,13.513698
60152002052,S Gehrenseestr. ,52.555736,13.525653
60152002051,S Gehrenseestr. ,52.555736,13.525653
60152001001,S Hohenschönhausen Bhf ,52.566549,13.513698
60151001011,S Wartenberg ,52.573266,13.504238
60170004041,S Ahrensfelde Bhf ,52.571564,13.566118
60048101202,S Grunewald ,52.48868,13.261944
60048101201,S Grunewald ,52.48868,13.261944
60052201423,S Nikolassee ,52.43121,13.193298
60053301431,S Wannsee Bhf ,52.421457,13.179099
60230003821,S Griebnitzsee Bhf,52.393945,13.128808
60230000842,S Babelsberg,52.391367,13.094631
60023005896,S Potsdam Hauptbahnhof,52.390935,13.067187
60023005897,S Potsdam Hauptbahnhof,52.390935,13.067187
60230000841,S Babelsberg,52.391367,13.094631
60230003822,S Griebnitzsee Bhf,52.393945,13.128808
60052201424,S Nikolassee ,52.43121,13.193298
60048101204,S Grunewald ,52.48868,13.261944
60120003653,S Ostkreuz Bhf ,52.502851,13.469093
60048101203,S Grunewald ,52.48868,13.261944
60176001004,S Mahlsdorf Bhf ,52.512118,13.61123
60320026002,S Birkenstein,52.515755,13.648591
60320008004,S Hoppegarten,52.518141,13.673889
60320007001,S Neuenhagen,52.520674,13.699994
60320006015,S Fredersdorf,52.526461,13.761324
60175001011,S+U Wuhletal ,52.512724,13.574536
60175002002,S Kaulsdorf ,52.512122,13.58903
60176001003,S Mahlsdorf Bhf ,52.512118,13.61123
60320004532,S Strausberg Bhf,52.532364,13.834793
60320005001,S Petershagen Nord,52.529185,13.790627
60320006016,S Fredersdorf,52.526461,13.761324
60320008005,S Hoppegarten,52.518141,13.673889
60320026001,S Birkenstein,52.515755,13.648591
60175002001,S Kaulsdorf ,52.512122,13.58903
60320001001,S Strausberg Nord,52.5907,13.908894
60320002001,S Strausberg Stadt,52.57745,13.888254
60320003001,S Hegermühle,52.549039,13.86679
60320004531,S Strausberg Bhf,52.532364,13.834793
60176001002,S Mahlsdorf Bhf ,52.512118,13.61123
60320001003,S Strausberg Nord,52.5907,13.908894
60176001001,S Mahlsdorf Bhf ,52.512118,13.61123
60171001001,S Biesdorf ,52.513059,13.555035
60171001002,S Biesdorf ,52.513059,13.555035
60175001012,S+U Wuhletal ,52.512724,13.574536
60025321435,S Olympiastadion ,52.511135,13.241111
60310004905,S Erkner Bhf,52.428396,13.752249
60183002864,S Wilhelmshagen ,52.438571,13.721004
60183001864,S Rahnsdorf ,52.451371,13.691655
60182002854,S Friedrichshagen ,52.45709,13.625462
60182001844,S Hirschgarten ,52.457903,13.60148
60160001703,S Rummelsburg ,52.501213,13.478699
60160002803,S Betriebsbahnhof Rummelsburg ,52.493957,13.497509
60162001813,S Karlshorst ,52.481038,13.525981
60180002823,S Wuhlheide ,52.469058,13.553527
60180001833,S Köpenick ,52.458692,13.579543
60182001843,S Hirschgarten ,52.457903,13.60148
60182002853,S Friedrichshagen ,52.45709,13.625462
60025321436,S Olympiastadion ,52.511135,13.241111
60260001002,S Königs Wusterhausen Bhf,52.296719,13.631534
60260002904,S Wildau,52.319205,13.633587
60260003884,S Zeuthen,52.349649,13.627353
60260002903,S Wildau,52.319205,13.633587
60310004906,S Erkner Bhf,52.428396,13.752249
60183002863,S Wilhelmshagen ,52.438571,13.721004
60183001863,S Rahnsdorf ,52.451371,13.691655
60310004903,S Erkner Bhf,52.428396,13.752249
60085105001,S Alt-Reinickendorf ,52.577969,13.349747
60096458002,S+U Karl-Bonhoeffer-Nervenklinik ,52.578169,13.332921
60096405002,S Eichborndamm ,52.577545,13.315583
60089303001,S Tegel ,52.588805,13.288695
60091205001,S Schulzendorf ,52.613513,13.24563
60091203001,S Heiligensee ,52.625148,13.228667
60200000105,S Hennigsdorf Bhf,52.637867,13.205874
60220114642,S Teltow Stadt,52.397147,13.275975
60200000101,S Hennigsdorf Bhf,52.637867,13.205874
60091203002,S Heiligensee ,52.625148,13.228667
60100020453,S+U Potsdamer Platz Bhf ,52.50934,13.376454
60089303005,S Tegel ,52.588805,13.288695
60250006062,S Blankenfelde (TF) Bhf,52.337628,13.415908
60250007052,S Mahlow,52.360164,13.408775
60074201931,S Lichtenrade ,52.387676,13.396234
60074202922,S Schichauweg ,52.398563,13.389457
60072101922,S Buckower Chaussee ,52.410919,13.382689
60073101912,S Marienfelde ,52.423816,13.375022
60068301902,S Attilastr. ,52.447298,13.361177
60058102522,S Priesterweg ,52.459239,13.356028
60058102521,S Priesterweg ,52.459239,13.356028
60074201932,S Lichtenrade ,52.387676,13.396234
60143001101,S Karow Bhf ,52.615755,13.470081
60135001111,S Buch ,52.636614,13.492452
60143001102,S Karow Bhf ,52.615755,13.470081
60135001112,S Buch ,52.636614,13.492452
60250007051,S Mahlow,52.360164,13.408775
60068301901,S Attilastr. ,52.447298,13.361177
60073101911,S Marienfelde ,52.423816,13.375022
60072101921,S Buckower Chaussee ,52.410919,13.382689
60074202921,S Schichauweg ,52.398563,13.389457
60330006121,S Röntgental,52.649062,13.514302
60330005121,S Zepernick,52.659218,13.533143
60330022131,S Bernau-Friedenstal,52.668369,13.564597
60330004131,S Bernau Bhf,52.676233,13.593034
60330004132,S Bernau Bhf,52.676233,13.593034
60330005122,S Zepernick,52.659218,13.533143
60053301433,S Wannsee Bhf ,52.421457,13.179099
70201092101,U Osloer Str. ,52.557107,13.373279
70201092201,U Nauener Platz ,52.551524,13.367365
70201092301,U Leopoldplatz ,52.546493,13.359395
70201092401,U Amrumer Str. ,52.542202,13.349534
70201092501,S+U Westhafen ,52.536183,13.343837
70201092601,U Birkenstr. ,52.532229,13.341417
70201092701,U Turmstr. ,52.525938,13.341417
70201092801,U Hansaplatz ,52.518111,13.342165
70201092901,S+U Zoologischer Garten Bhf ,52.506921,13.332707
70201093001,U Kurfürstendamm ,52.503763,13.331419
70201093101,U Spichernstr. ,52.496582,13.330613
70201093201,U Güntzelstr. ,52.491992,13.33121
70201093301,U Berliner Str. ,52.487047,13.331355
70201093401,S+U Bundesplatz ,52.477366,13.329149
70201093501,U Friedrich-Wilhelm-Platz ,52.471439,13.328676
70201093601,U Walther-Schreiber-Platz ,52.464998,13.328409
70201093703,U Schloßstr. ,52.461183,13.324836
70201093801,S+U Rathaus Steglitz  ,52.456438,13.319986
70201093802,S+U Rathaus Steglitz  ,52.456438,13.319986
70201093704,U Schloßstr. ,52.461183,13.324836
70201093602,U Walther-Schreiber-Platz ,52.464998,13.328409
70201093502,U Friedrich-Wilhelm-Platz ,52.471439,13.328676
70201093402,S+U Bundesplatz ,52.477366,13.329149
70201093302,U Berliner Str. ,52.487047,13.331355
70201093202,U Güntzelstr. ,52.491992,13.33121
70201093102,U Spichernstr. ,52.496582,13.330613
70201093002,U Kurfürstendamm ,52.503763,13.331419
70201092902,S+U Zoologischer Garten Bhf ,52.506921,13.332707
70201092802,U Hansaplatz ,52.518111,13.342165
70201092702,U Turmstr. ,52.525938,13.341417
70201092602,U Birkenstr. ,52.532229,13.341417
70201092502,S+U Westhafen ,52.536183,13.343837
70201092402,U Amrumer Str. ,52.542202,13.349534
70201092302,U Leopoldplatz ,52.546493,13.359395
70201092202,U Nauener Platz ,52.551524,13.367365
70201092102,U Osloer Str. ,52.557107,13.373279
70201082101,S+U Wittenau  ,52.595665,13.334648
70201082301,U Rathaus Reinickendorf ,52.588218,13.325568
70201082401,S+U Karl-Bonhoeffer-Nervenklinik ,52.578169,13.332921
70201082501,U Lindauer Allee ,52.575394,13.339047
70201082601,U Paracelsus-Bad ,52.574534,13.347532
70201082701,U Residenzstr. ,52.570843,13.360635
70201082801,U Franz-Neumann-Platz ,52.563854,13.364283
70201082901,U Osloer Str. ,52.557107,13.373279
70201083001,U Pankstr. ,52.552255,13.381837
70201083101,S+U Gesundbrunnen Bhf ,52.548637,13.388372
70201083201,U Voltastr. ,52.54193,13.393157
70201083301,U Bernauer Str. ,52.537994,13.396231
70201083401,U Rosenthaler Platz ,52.529781,13.401393
70201083501,U Weinmeisterstr. ,52.525376,13.405305
70201083601,S+U Alexanderplatz  ,52.521619,13.412125
70201083701,S+U Jannowitzbrücke ,52.5155,13.418027
70201083801,U Heinrich-Heine-Str. ,52.510858,13.416169
70201083901,U Moritzplatz ,52.503739,13.410947
70201084001,U Kottbusser Tor ,52.499047,13.417748
70201084101,U Schönleinstr. ,52.493179,13.422241
70201084201,U Hermannplatz ,52.486957,13.42472
70201084301,U Boddinstr. ,52.479745,13.425782
70201084401,U Leinestr. ,52.472874,13.4284
70201084502,S+U Hermannstr. ,52.467181,13.431704
70201084501,S+U Hermannstr. ,52.467181,13.431704
70201084402,U Leinestr. ,52.472874,13.4284
70201084302,U Boddinstr. ,52.479745,13.425782
70201084202,U Hermannplatz ,52.486957,13.42472
70201084102,U Schönleinstr. ,52.493179,13.422241
70201084002,U Kottbusser Tor ,52.499047,13.417748
70201083902,U Moritzplatz ,52.503739,13.410947
70201083802,U Heinrich-Heine-Str. ,52.510858,13.416169
70201083702,S+U Jannowitzbrücke ,52.5155,13.418027
70201083602,S+U Alexanderplatz  ,52.521619,13.412125
70201083502,U Weinmeisterstr. ,52.525376,13.405305
70201083402,U Rosenthaler Platz ,52.529781,13.401393
70201083302,U Bernauer Str. ,52.537994,13.396231
70201083202,U Voltastr. ,52.54193,13.393157
70201083102,S+U Gesundbrunnen Bhf ,52.548637,13.388372
70201083002,U Pankstr. ,52.552255,13.381837
70201082902,U Osloer Str. ,52.557107,13.373279
70201082802,U Franz-Neumann-Platz ,52.563854,13.364283
70201082702,U Residenzstr. ,52.570843,13.360635
70201082602,U Paracelsus-Bad ,52.574534,13.347532
70201082502,U Lindauer Allee ,52.575394,13.339047
70201082402,S+U Karl-Bonhoeffer-Nervenklinik ,52.578169,13.332921
70201082302,U Rathaus Reinickendorf ,52.588218,13.325568
70201082102,S+U Wittenau  ,52.595665,13.334648
70201072101,S+U Rathaus Spandau ,52.535798,13.199891
70201072201,U Altstadt Spandau ,52.539161,13.206763
70201072301,U Zitadelle ,52.537522,13.217625
70201072401,U Haselhorst ,52.538718,13.232309
70201072501,U Paulsternstr. ,52.538098,13.248593
70201072601,U Rohrdamm ,52.536904,13.26287
70201072701,U Siemensdamm ,52.537026,13.273323
70201072801,U Halemweg ,52.536703,13.286578
70201072901,U Jakob-Kaiser-Platz ,52.536985,13.293661
70201073001,S+U Jungfernheide Bhf ,52.530431,13.300135
70201073101,U Mierendorffplatz ,52.525978,13.305715
70201073201,U Richard-Wagner-Platz ,52.517154,13.307221
70201073301,U Bismarckstr. ,52.511543,13.305335
70201073401,U Wilmersdorfer Str. ,52.506415,13.306774
70201073501,U Adenauerplatz ,52.500086,13.307348
70201073601,U Konstanzer Str. ,52.493567,13.310084
70201073701,U Fehrbelliner Platz ,52.490201,13.314519
70201073801,U Blissestr. ,52.486478,13.320545
70201073901,U Berliner Str. ,52.487047,13.331355
70201074001,U Bayerischer Platz ,52.488654,13.340237
70201074101,U Eisenacher Str. ,52.489477,13.350284
70201074201,U Kleistpark ,52.490845,13.360917
70201074301,S+U Yorckstr. ,52.492766,13.370429
70201074401,U Möckernbrücke ,52.498944,13.383256
70201074503,U Mehringdamm ,52.493567,13.38814
70201074601,U Gneisenaustr. ,52.491252,13.395382
70201074701,U Südstern ,52.489219,13.407685
70201074801,U Hermannplatz ,52.486957,13.42472
70201074901,U Rathaus Neukölln ,52.481146,13.434807
70201075001,U Karl-Marx-Str. ,52.476429,13.439805
70201075101,S+U Neukölln  ,52.468764,13.441909
70201075201,U Grenzallee ,52.463516,13.444828
70201075301,U Blaschkoallee ,52.452743,13.448976
70201075401,U Parchimer Allee ,52.445299,13.449967
70201075501,U Britz-Süd ,52.437076,13.447668
70201075601,U Johannisthaler Chaussee ,52.429253,13.453851
70201075701,U Lipschitzallee ,52.424645,13.463109
70201075801,U Wutzkyallee ,52.423152,13.47482
70201075901,U Zwickauer Damm ,52.423032,13.484371
70201076001,U Rudow ,52.415714,13.496527
70201073202,U Richard-Wagner-Platz ,52.517154,13.307221
70201073102,U Mierendorffplatz ,52.525978,13.305715
70201073002,S+U Jungfernheide Bhf ,52.530431,13.300135
70201072902,U Jakob-Kaiser-Platz ,52.536985,13.293661
70201072802,U Halemweg ,52.536703,13.286578
70201072702,U Siemensdamm ,52.537026,13.273323
70201072602,U Rohrdamm ,52.536904,13.26287
70201072502,U Paulsternstr. ,52.538098,13.248593
70201072402,U Haselhorst ,52.538718,13.232309
70201072302,U Zitadelle ,52.537522,13.217625
70201072202,U Altstadt Spandau ,52.539161,13.206763
70201072102,S+U Rathaus Spandau ,52.535798,13.199891
70201073702,U Fehrbelliner Platz ,52.490201,13.314519
70201073602,U Konstanzer Str. ,52.493567,13.310084
70201073502,U Adenauerplatz ,52.500086,13.307348
70201073402,U Wilmersdorfer Str. ,52.506415,13.306774
70201073302,U Bismarckstr. ,52.511543,13.305335
70201075202,U Grenzallee ,52.463516,13.444828
70201075102,S+U Neukölln  ,52.468764,13.441909
70201075002,U Karl-Marx-Str. ,52.476429,13.439805
70201074902,U Rathaus Neukölln ,52.481146,13.434807
70201074802,U Hermannplatz ,52.486957,13.42472
70201074702,U Südstern ,52.489219,13.407685
70201074602,U Gneisenaustr. ,52.491252,13.395382
70201074504,U Mehringdamm ,52.493567,13.38814
70201074402,U Möckernbrücke ,52.498944,13.383256
70201074302,S+U Yorckstr. ,52.492766,13.370429
70201074202,U Kleistpark ,52.490845,13.360917
70201074002,U Bayerischer Platz ,52.488654,13.340237
70201073902,U Berliner Str. ,52.487047,13.331355
70201073802,U Blissestr. ,52.486478,13.320545
70201075502,U Britz-Süd ,52.437076,13.447668
70201075402,U Parchimer Allee ,52.445299,13.449967
70201075302,U Blaschkoallee ,52.452743,13.448976
70201074102,U Eisenacher Str. ,52.489477,13.350284
70201076002,U Rudow ,52.415714,13.496527
70201075902,U Zwickauer Damm ,52.423032,13.484371
70201075802,U Wutzkyallee ,52.423152,13.47482
70201075702,U Lipschitzallee ,52.424645,13.463109
70201075602,U Johannisthaler Chaussee ,52.429253,13.453851
70101058261,U Britz-Süd ,52.437076,13.447668
70101051784,U Britz-Süd ,52.437076,13.447668
70101051495,"Berlin, Johannisthaler Chaussee/Fritz-Erler-Allee",52.43172,13.460064
70101051496,"Berlin, Lipschitzallee/Fritz-Erler-Allee",52.427728,13.468151
70101058266,"Berlin, Wutzkyallee/Fritz-Erler-Allee",52.425678,13.474022
70101058268,"Berlin, Neuköllner Str./Zwickauer Damm",52.424097,13.485451
70101051866,U Rudow ,52.415714,13.496527
70101058360,U Grenzallee ,52.463516,13.444828
70101058493,"Berlin, Buschkrug",52.452542,13.452162
70101058495,"Berlin, Buschkrugallee/Parchimer Allee",52.445436,13.45487
70101050837,"Berlin, Grüner Weg/Gutschmidtstr.",52.43704,13.451372
70101051775,U Rudow ,52.415714,13.496527
70101058269,"Berlin, Neuköllner Str./Zwickauer Damm",52.424097,13.485451
70101058267,"Berlin, Wutzkyallee/Fritz-Erler-Allee",52.425678,13.474022
70101051498,"Berlin, Lipschitzallee/Fritz-Erler-Allee",52.427728,13.468151
70101051499,"Berlin, Johannisthaler Chaussee/Fritz-Erler-Allee",52.43172,13.460064
70101051500,"Berlin, Grüner Weg/Gutschmidtstr.",52.43704,13.451372
70101058496,"Berlin, Buschkrugallee/Parchimer Allee",52.445436,13.45487
70101058494,"Berlin, Buschkrug",52.452542,13.452162
70101058255,U Grenzallee/Jahnstr. ,52.461654,13.445664
70201062101,U Alt-Tegel ,52.589649,13.283821
70201062201,U Borsigwerke ,52.582139,13.290122
70201062301,U Holzhauser Str. ,52.576252,13.295083
70201062401,U Otisstr. ,52.571122,13.303074
70201062501,U Scharnweberstr. ,52.567111,13.311524
70201062601,U Kurt-Schumacher-Platz ,52.563483,13.327328
70201062701,U Afrikanische Str. ,52.560862,13.333502
70201062801,U Rehberge ,52.55667,13.341013
70201062901,U Seestr. ,52.55047,13.351969
70201063001,U Leopoldplatz ,52.546493,13.359395
70201063101,S+U Wedding ,52.542732,13.36606
70201063201,U Reinickendorfer Str. ,52.539895,13.370393
70201063301,U Schwartzkopffstr. ,52.535397,13.377033
70201063401,U Naturkundemuseum ,52.531254,13.382415
70201063501,U Oranienburger Tor ,52.525163,13.387587
70201063601,S+U Friedrichstr. Bhf ,52.52027,13.387153
70201063701,U Französische Str. ,52.51477,13.389208
70201063801,U Stadtmitte ,52.511495,13.389719
70201063901,U Kochstr./Checkpoint Charlie ,52.506673,13.390863
70201064001,U Hallesches Tor ,52.497774,13.39176
70201064101,U Mehringdamm ,52.493567,13.38814
70201064201,U Platz der Luftbrücke ,52.485669,13.387799
70201064301,U Paradestr. ,52.478142,13.386725
70201064401,S+U Tempelhof ,52.470694,13.385754
70201064501,U Alt-Tempelhof ,52.46593,13.385796
70201064601,U Kaiserin-Augusta-Str. ,52.460512,13.384905
70201064701,U Ullsteinstr. ,52.45345,13.384771
70201064801,U Westphalweg ,52.445801,13.385561
70201064901,U Alt-Mariendorf ,52.439641,13.387456
70201064902,U Alt-Mariendorf ,52.439641,13.387456
70201063302,U Schwartzkopffstr. ,52.535397,13.377033
70201063402,U Naturkundemuseum ,52.531254,13.382415
70201063502,U Oranienburger Tor ,52.525163,13.387587
70201063602,S+U Friedrichstr. Bhf ,52.52027,13.387153
70201063702,U Französische Str. ,52.51477,13.389208
70201063802,U Stadtmitte ,52.511495,13.389719
70201064802,U Westphalweg ,52.445801,13.385561
70201064702,U Ullsteinstr. ,52.45345,13.384771
70201064602,U Kaiserin-Augusta-Str. ,52.460512,13.384905
70201064502,U Alt-Tempelhof ,52.46593,13.385796
70201064402,S+U Tempelhof ,52.470694,13.385754
70201064302,U Paradestr. ,52.478142,13.386725
70201064202,U Platz der Luftbrücke ,52.485669,13.387799
70201064102,U Mehringdamm ,52.493567,13.38814
70201064002,U Hallesches Tor ,52.497774,13.39176
70201063902,U Kochstr./Checkpoint Charlie ,52.506673,13.390863
70201063202,U Reinickendorfer Str. ,52.539895,13.370393
70201063102,S+U Wedding ,52.542732,13.36606
70201063002,U Leopoldplatz ,52.546493,13.359395
70201062903,U Seestr. ,52.55047,13.351969
70201062802,U Rehberge ,52.55667,13.341013
70201062702,U Afrikanische Str. ,52.560862,13.333502
70201062602,U Kurt-Schumacher-Platz ,52.563483,13.327328
70201062502,U Scharnweberstr. ,52.567111,13.311524
70201062402,U Otisstr. ,52.571122,13.303074
70201062302,U Holzhauser Str. ,52.576252,13.295083
70201062202,U Borsigwerke ,52.582139,13.290122
70201062102,U Alt-Tegel ,52.589649,13.283821
70201054401,S+U Brandenburger Tor ,52.516511,13.381937
70201054501,U Bundestag ,52.519908,13.373454
70201054601,S+U Berlin Hauptbahnhof,52.525847,13.368924
70201052302,U Hellersdorf ,52.535946,13.605794
70201052401,U Cottbusser Platz ,52.533963,13.596894
70201052501,U Kienberg (Gärten der Welt) ,52.52849,13.59055
70201052601,U Kaulsdorf-Nord ,52.521436,13.588763
70201052701,S+U Wuhletal ,52.512724,13.574536
70201052801,U Elsterwerdaer Platz ,52.504643,13.560762
70201052903,U Biesdorf-Süd ,52.499517,13.547326
70201053001,U Tierpark ,52.497236,13.523626
70201053101,U Friedrichsfelde ,52.505464,13.513544
70201053201,S+U Lichtenberg  ,52.511135,13.498495
70201053301,U Magdalenenstr. ,52.512214,13.489439
70201053401,S+U Frankfurter Allee ,52.513613,13.4753
70201053501,U Samariterstr. ,52.514662,13.465347
70201053601,U Frankfurter Tor ,52.515772,13.454085
70201053701,U Weberwiese ,52.516848,13.443278
70201053801,U Strausberger Platz ,52.518025,13.432208
70201053901,U Schillingstr. ,52.520316,13.421895
70201054002,S+U Alexanderplatz  ,52.521607,13.413111
70201052901,U Biesdorf-Süd ,52.499517,13.547326
70201054001,S+U Alexanderplatz  ,52.521607,13.413111
70201052102,U Hönow ,52.538105,13.634541
70201052201,U Louis-Lewin-Str. ,52.539135,13.619707
70201052301,U Hellersdorf ,52.535946,13.605794
70201053002,U Tierpark ,52.497236,13.523626
70201052101,U Hönow ,52.538105,13.634541
70201053902,U Schillingstr. ,52.520316,13.421895
70201053802,U Strausberger Platz ,52.518025,13.432208
70201053702,U Weberwiese ,52.516848,13.443278
70201053602,U Frankfurter Tor ,52.515772,13.454085
70201053502,U Samariterstr. ,52.514662,13.465347
70201053402,S+U Frankfurter Allee ,52.513613,13.4753
70201053302,U Magdalenenstr. ,52.512214,13.489439
70201053202,S+U Lichtenberg  ,52.511135,13.498495
70201053102,U Friedrichsfelde ,52.505464,13.513544
70201052902,U Biesdorf-Süd ,52.499517,13.547326
70201052802,U Elsterwerdaer Platz ,52.504643,13.560762
70201052702,S+U Wuhletal ,52.512724,13.574536
70201052602,U Kaulsdorf-Nord ,52.521436,13.588763
70201052502,U Kienberg (Gärten der Welt) ,52.52849,13.59055
70201052402,U Cottbusser Platz ,52.533963,13.596894
70201052202,U Louis-Lewin-Str. ,52.539135,13.619707
70201052103,U Hönow ,52.538105,13.634541
70201042104,U Nollendorfplatz ,52.499644,13.353825
70201042201,U Viktoria-Luise-Platz ,52.496169,13.343264
70201042301,U Bayerischer Platz ,52.488654,13.340237
70201042401,U Rathaus Schöneberg ,52.483332,13.341989
70201042502,S+U Innsbrucker Platz ,52.4781,13.342875
70201042402,U Rathaus Schöneberg ,52.483332,13.341989
70201042302,U Bayerischer Platz ,52.488654,13.340237
70201042202,U Viktoria-Luise-Platz ,52.496169,13.343264
70201012103,S+U Warschauer Str. ,52.505765,13.449159
70201012201,U Schlesisches Tor ,52.501147,13.441791
70201012301,U Görlitzer Bahnhof ,52.499035,13.428468
70201012401,U Kottbusser Tor ,52.499047,13.417748
70201012501,U Prinzenstr. ,52.498274,13.406531
70201012601,U Hallesches Tor ,52.497774,13.39176
70201012701,U Möckernbrücke ,52.498944,13.383256
70201012801,U Gleisdreieck ,52.499587,13.374293
70201012901,U Kurfürstenstr. ,52.499778,13.362857
70201013001,U Nollendorfplatz ,52.499644,13.353825
70201013101,U Wittenbergplatz ,52.502109,13.342561
70201023901,S+U Zoologischer Garten Bhf ,52.506921,13.332707
70201012101,S+U Warschauer Str. ,52.505765,13.449159
70201033201,U Augsburger Str. ,52.500557,13.336771
70201033301,U Spichernstr. ,52.496582,13.330613
70201033401,U Hohenzollernplatz ,52.493833,13.324051
70201033501,U Fehrbelliner Platz ,52.490201,13.314519
70201033601,S+U Heidelberger Platz ,52.479446,13.311843
70201033701,U Rüdesheimer Platz ,52.472462,13.314387
70201033801,U Breitenbachplatz ,52.467342,13.309276
70201042103,U Nollendorfplatz ,52.499644,13.353825
70201023502,U Gleisdreieck ,52.499587,13.374293
70201023601,U Bülowstr. ,52.497627,13.362456
70201023701,U Nollendorfplatz ,52.499644,13.353825
70201023803,U Wittenbergplatz ,52.502109,13.342561
70201033901,U Podbielskiallee ,52.464172,13.295203
70201034001,U Dahlem-Dorf ,52.457695,13.290011
70201034101,U Freie Universität (Thielplatz) ,52.451,13.281651
70201034201,U Oskar-Helene-Heim ,52.450419,13.26891
70201034301,U Onkel Toms Hütte ,52.450146,13.254016
70201034402,U Krumme Lanke ,52.442615,13.24036
70201034302,U Onkel Toms Hütte ,52.450146,13.254016
70201034202,U Oskar-Helene-Heim ,52.450419,13.26891
70201034102,U Freie Universität (Thielplatz) ,52.451,13.281651
70201034002,U Dahlem-Dorf ,52.457695,13.290011
70201033902,U Podbielskiallee ,52.464172,13.295203
70201033802,U Breitenbachplatz ,52.467342,13.309276
70201033702,U Rüdesheimer Platz ,52.472462,13.314387
70201033602,S+U Heidelberger Platz ,52.479446,13.311843
70201033502,U Fehrbelliner Platz ,52.490201,13.314519
70201033402,U Hohenzollernplatz ,52.493833,13.324051
70201033302,U Spichernstr. ,52.496582,13.330613
70201033202,U Augsburger Str. ,52.500557,13.336771
70201033104,U Wittenbergplatz ,52.502109,13.342561
70201013002,U Nollendorfplatz ,52.499644,13.353825
70201012902,U Kurfürstenstr. ,52.499778,13.362857
70201012802,U Gleisdreieck ,52.499587,13.374293
70201012702,U Möckernbrücke ,52.498944,13.383256
70201012602,U Hallesches Tor ,52.497774,13.39176
70201012502,U Prinzenstr. ,52.498274,13.406531
70201012402,U Kottbusser Tor ,52.499047,13.417748
70201012302,U Görlitzer Bahnhof ,52.499035,13.428468
70201012202,U Schlesisches Tor ,52.501147,13.441791
70201023902,S+U Zoologischer Garten Bhf ,52.506921,13.332707
70201023802,U Wittenbergplatz ,52.502109,13.342561
70201023702,U Nollendorfplatz ,52.499644,13.353825
70201023602,U Bülowstr. ,52.497627,13.362456
70201022001,S+U Pankow ,52.567281,13.412279
70201022101,U Vinetastr. ,52.559517,13.41377
70201022201,S+U Schönhauser Allee ,52.549336,13.415138
70201022301,U Eberswalder Str. ,52.541022,13.412154
70201022401,U Senefelderplatz ,52.532622,13.412625
70201022501,U Rosa-Luxemburg-Platz ,52.528191,13.410405
70201022601,S+U Alexanderplatz  ,52.522078,13.413598
70201022701,U Klosterstr. ,52.517229,13.412455
70201022801,U Märkisches Museum ,52.512007,13.408767
70201022901,U Spittelmarkt ,52.511301,13.402352
70201023001,U Hausvogteiplatz ,52.513361,13.395346
70201023101,"Berlin, U Stadtmitte U2",52.512169,13.389711
70201023201,U Mohrenstr. ,52.511519,13.383798
70201023301,S+U Potsdamer Platz (Bln) ,52.509071,13.377977
70201023401,U Mendelssohn-Bartholdy-Park ,52.503806,13.374719
70201023501,U Gleisdreieck ,52.499587,13.374293
70201024001,U Ernst-Reuter-Platz ,52.511582,13.322581
70201024104,U Deutsche Oper ,52.511827,13.30942
70201024101,U Deutsche Oper ,52.511827,13.30942
70201024201,U Bismarckstr. ,52.511543,13.305335
70201024301,U Sophie-Charlotte-Platz ,52.51097,13.297463
70201024401,U Kaiserdamm ,52.509985,13.281695
70201024501,"Berlin, U Theodor-Heuss-Platz",52.509798,13.272977
70201024601,U Neu-Westend ,52.516409,13.25991
70201024701,U Olympia-Stadion ,52.517048,13.2505
70201024802,U Ruhleben ,52.525587,13.241902
70201022002,S+U Pankow ,52.567281,13.412279
70201024502,"Berlin, U Theodor-Heuss-Platz",52.509798,13.272977
70201024402,U Kaiserdamm ,52.509985,13.281695
70201024302,U Sophie-Charlotte-Platz ,52.51097,13.297463
70201024202,U Bismarckstr. ,52.511543,13.305335
70201024102,U Deutsche Oper ,52.511827,13.30942
70201024002,U Ernst-Reuter-Platz ,52.511582,13.322581
70201023402,U Mendelssohn-Bartholdy-Park ,52.503806,13.374719
70201023302,S+U Potsdamer Platz (Bln) ,52.509071,13.377977
70201023202,U Mohrenstr. ,52.511519,13.383798
70201023102,"Berlin, U Stadtmitte U2",52.512169,13.389711
70201023002,U Hausvogteiplatz ,52.513361,13.395346
70201022902,U Spittelmarkt ,52.511301,13.402352
70201022802,U Märkisches Museum ,52.512007,13.408767
70201022702,U Klosterstr. ,52.517229,13.412455
70201022602,S+U Alexanderplatz  ,52.522078,13.413598
70201024702,U Olympia-Stadion ,52.517048,13.2505
70201024602,U Neu-Westend ,52.516409,13.25991
70201022502,U Rosa-Luxemburg-Platz ,52.528191,13.410405
70201022402,U Senefelderplatz ,52.532622,13.412625
70201022302,U Eberswalder Str. ,52.541022,13.412154
70201022202,S+U Schönhauser Allee ,52.549336,13.415138
70201022102,U Vinetastr. ,52.559517,13.41377
70201024703,U Olympia-Stadion ,52.517048,13.2505
70201013201,U Kurfürstendamm ,52.503763,13.331419
70201013301,U Uhlandstr. ,52.502742,13.326233
70201013106,U Wittenbergplatz ,52.502109,13.342561
70201013302,U Uhlandstr. ,52.502742,13.326233
70201013202,U Kurfürstendamm ,52.503763,13.331419
